"id","keyword","username","date and time"
"1","ada","guest","2019-02-08 09:49:44"
"2","sf","guest","2019-02-08 09:54:10"
"3","Rilialc / Composite filling material","guest","2019-02-08 10:07:05"
"4","Rilialc / Composite filling material","guest","2019-02-08 10:07:08"
"5","test","guest","2019-02-08 10:12:33"
"6","scc","guest","2019-02-08 10:19:49"
"7","sccf","guest","2019-02-08 10:23:16"
"8","cd","guest","2019-02-08 10:39:16"
"9","compositedas","guest","2019-02-08 10:53:36"
"10","XS","guest","2019-02-08 10:54:22"
"11","iwp","adminkj","2019-02-08 10:54:40"